{"cameraMode":{"drawMode":0,"name":"Shaded","section":"Shading Mode"},"sceneLighting":true,"audioPlay":false,"sceneViewState":{"m_AlwaysRefresh":false,"showFog":true,"showSkybox":true,"showFlares":true,"showImageEffects":true,"showParticleSystems":true,"showVisualEffectGraphs":true,"m_FxEnabled":true},"in2DMode":false,"pivot":{"x":810.6781005859375,"y":611.5770263671875,"z":135.0433807373047},"rotation":{"x":0.19522292912006379,"y":0.12029299885034561,"z":-0.024133989587426187,"w":0.9730566740036011},"size":644.2183227539063,"orthographic":false}